#DROP TABLE EMPLOYEE;
#DROP TABLE DEPARTMENT;
#DROP TABLE JOB;
#DROP TABLE LOCATION;
#DROP TABLE NATIONAL;
#DROP TABLE SAL_GRADE;

--------------------------------------------------------
--  DDL for Table DEPARTMENT
--------------------------------------------------------

  CREATE TABLE `DEPARTMENT` 
   (	`DEPT_ID` CHAR(2) COMMENT '부서코드', 
	`DEPT_TITLE` VARCHAR(35) COMMENT '부서명', 
	`LOCATION_ID` CHAR(2) COMMENT '지역코드'
   );

   /* Moved to CREATE TABLE
COMMENT ON COLUMN `DEPARTMENT`.`DEPT_ID` IS '부서코드'; */
   /* Moved to CREATE TABLE
COMMENT ON COLUMN `DEPARTMENT`.`DEPT_TITLE` IS '부서명'; */
   /* Moved to CREATE TABLE
COMMENT ON COLUMN `DEPARTMENT`.`LOCATION_ID` IS '지역코드'; */
   ALTER TABLE `DEPARTMENT`  COMMENT '부서';
-- INSERTING into DEPARTMENT
/* SET DEFINE OFF; */
-- SQLINES LICENSE FOR EVALUATION USE ONLY
Insert into DEPARTMENT (DEPT_ID,DEPT_TITLE,LOCATION_ID) values ('D1','인사관리부','L1');
-- SQLINES LICENSE FOR EVALUATION USE ONLY
Insert into DEPARTMENT (DEPT_ID,DEPT_TITLE,LOCATION_ID) values ('D2','회계관리부','L1');
-- SQLINES LICENSE FOR EVALUATION USE ONLY
Insert into DEPARTMENT (DEPT_ID,DEPT_TITLE,LOCATION_ID) values ('D3','마케팅부','L1');
-- SQLINES LICENSE FOR EVALUATION USE ONLY
Insert into DEPARTMENT (DEPT_ID,DEPT_TITLE,LOCATION_ID) values ('D4','국내영업부','L1');
-- SQLINES LICENSE FOR EVALUATION USE ONLY
Insert into DEPARTMENT (DEPT_ID,DEPT_TITLE,LOCATION_ID) values ('D5','해외영업1부','L2');
-- SQLINES LICENSE FOR EVALUATION USE ONLY
Insert into DEPARTMENT (DEPT_ID,DEPT_TITLE,LOCATION_ID) values ('D6','해외영업2부','L3');
-- SQLINES LICENSE FOR EVALUATION USE ONLY
Insert into DEPARTMENT (DEPT_ID,DEPT_TITLE,LOCATION_ID) values ('D7','해외영업3부','L4');
-- SQLINES LICENSE FOR EVALUATION USE ONLY
Insert into DEPARTMENT (DEPT_ID,DEPT_TITLE,LOCATION_ID) values ('D8','기술지원부','L5');
-- SQLINES LICENSE FOR EVALUATION USE ONLY
Insert into DEPARTMENT (DEPT_ID,DEPT_TITLE,LOCATION_ID) values ('D9','총무부','L1');
--  SQLINES DEMO *** ------------------------------------
-- SQLINES DEMO *** ?터티1_PK2
--  SQLINES DEMO *** ------------------------------------

  -- SQLINES LICENSE FOR EVALUATION USE ONLY
  CREATE UNIQUE INDEX `엔터티1_PK2` ON `DEPARTMENT` (`DEPT_ID`);
--  SQLINES DEMO *** ------------------------------------
-- SQLINES DEMO *** Table DEPARTMENT
--  SQLINES DEMO *** ------------------------------------

  ALTER TABLE `DEPARTMENT` ADD CONSTRAINT `DEPARTMENT_PK` PRIMARY KEY (`DEPT_ID`);



--  SQLINES DEMO *** ------------------------------------
-- SQLINES DEMO *** PLOYEE
--  SQLINES DEMO *** ------------------------------------

  -- SQLINES LICENSE FOR EVALUATION USE ONLY
  CREATE TABLE `EMPLOYEE` 
   (	`EMP_ID` VARCHAR(3) COMMENT '사원번호', 
	`EMP_NAME` VARCHAR(20) COMMENT '직원명', 
	`EMP_NO` CHAR(14) COMMENT '주민등록번호', 
	`EMAIL` VARCHAR(25) COMMENT '이메일', 
	`PHONE` VARCHAR(12) COMMENT '전화번호', 
	`DEPT_CODE` CHAR(2) COMMENT '부서코드', 
	`JOB_CODE` CHAR(2) COMMENT '직급코드', 
	`SAL_LEVEL` CHAR(2) COMMENT '급여등급', 
	`SALARY` DOUBLE COMMENT '급여', 
	`BONUS` DOUBLE COMMENT '보너스율', 
	`MANAGER_ID` VARCHAR(3) COMMENT '관리자사번', 
	`HIRE_DATE` DATETIME COMMENT '입사일', 
	`ENT_DATE` DATETIME COMMENT '퇴사일', 
	`ENT_YN` CHAR(1) DEFAULT 'N' COMMENT '퇴직여부'
   );

   /* Moved to CREATE TABLE
COMMENT ON COLUMN `EMPLOYEE`.`EMP_ID` IS '사원번호'; */
   /* Moved to CREATE TABLE
COMMENT ON COLUMN `EMPLOYEE`.`EMP_NAME` IS '직원명'; */
   /* Moved to CREATE TABLE
COMMENT ON COLUMN `EMPLOYEE`.`EMP_NO` IS '주민등록번호'; */
   /* Moved to CREATE TABLE
COMMENT ON COLUMN `EMPLOYEE`.`EMAIL` IS '이메일'; */
   /* Moved to CREATE TABLE
COMMENT ON COLUMN `EMPLOYEE`.`PHONE` IS '전화번호'; */
   /* Moved to CREATE TABLE
COMMENT ON COLUMN `EMPLOYEE`.`DEPT_CODE` IS '부서코드'; */
   /* Moved to CREATE TABLE
COMMENT ON COLUMN `EMPLOYEE`.`JOB_CODE` IS '직급코드'; */
   /* Moved to CREATE TABLE
COMMENT ON COLUMN `EMPLOYEE`.`SAL_LEVEL` IS '급여등급'; */
   /* Moved to CREATE TABLE
COMMENT ON COLUMN `EMPLOYEE`.`SALARY` IS '급여'; */
   /* Moved to CREATE TABLE
COMMENT ON COLUMN `EMPLOYEE`.`BONUS` IS '보너스율'; */
   /* Moved to CREATE TABLE
COMMENT ON COLUMN `EMPLOYEE`.`MANAGER_ID` IS '관리자사번'; */
   /* Moved to CREATE TABLE
COMMENT ON COLUMN `EMPLOYEE`.`HIRE_DATE` IS '입사일'; */
   /* Moved to CREATE TABLE
COMMENT ON COLUMN `EMPLOYEE`.`ENT_DATE` IS '퇴사일'; */
   /* Moved to CREATE TABLE
COMMENT ON COLUMN `EMPLOYEE`.`ENT_YN` IS '퇴직여부'; */
   ALTER TABLE `EMPLOYEE`  COMMENT '사원';
-- INSERTING into EMPLOYEE
/* SET DEFINE OFF; */
-- SQLINES LICENSE FOR EVALUATION USE ONLY
Insert into EMPLOYEE (EMP_ID,EMP_NAME,EMP_NO,EMAIL,PHONE,DEPT_CODE,JOB_CODE,SAL_LEVEL,SALARY,BONUS,MANAGER_ID,HIRE_DATE,ENT_DATE,ENT_YN) values ('200','선동일','621235-1985634','sun_di@or.kr','01099546325','D9','J1','S1',8000000,0.3,null,str_to_date('90/02/06','%y/%m/%d'),null,'N');
-- SQLINES LICENSE FOR EVALUATION USE ONLY
Insert into EMPLOYEE (EMP_ID,EMP_NAME,EMP_NO,EMAIL,PHONE,DEPT_CODE,JOB_CODE,SAL_LEVEL,SALARY,BONUS,MANAGER_ID,HIRE_DATE,ENT_DATE,ENT_YN) values ('201','송종기','631156-1548654','song_jk@or.kr','01045686656','D9','J2','S1',6000000,null,'200',str_to_date('01/09/01','%y/%m/%d'),null,'N');
-- SQLINES LICENSE FOR EVALUATION USE ONLY
Insert into EMPLOYEE (EMP_ID,EMP_NAME,EMP_NO,EMAIL,PHONE,DEPT_CODE,JOB_CODE,SAL_LEVEL,SALARY,BONUS,MANAGER_ID,HIRE_DATE,ENT_DATE,ENT_YN) values ('202','노옹철','861015-1356452','no_hc@or.kr','01066656263','D9','J2','S4',3700000,null,'201',str_to_date('01/01/01','%y/%m/%d'),null,'N');
-- SQLINES LICENSE FOR EVALUATION USE ONLY
Insert into EMPLOYEE (EMP_ID,EMP_NAME,EMP_NO,EMAIL,PHONE,DEPT_CODE,JOB_CODE,SAL_LEVEL,SALARY,BONUS,MANAGER_ID,HIRE_DATE,ENT_DATE,ENT_YN) values ('203','송은희','631010-2653546','song_eh@or.kr','01077607879','D6','J4','S5',2800000,null,'204',str_to_date('96/05/03','%y/%m/%d'),null,'N');
-- SQLINES LICENSE FOR EVALUATION USE ONLY
Insert into EMPLOYEE (EMP_ID,EMP_NAME,EMP_NO,EMAIL,PHONE,DEPT_CODE,JOB_CODE,SAL_LEVEL,SALARY,BONUS,MANAGER_ID,HIRE_DATE,ENT_DATE,ENT_YN) values ('204','유재식','660508-1342154','yoo_js@or.kr','01099999129','D6','J3','S4',3400000,0.2,'200',str_to_date('00/12/29','%y/%m/%d'),null,'N');
-- SQLINES LICENSE FOR EVALUATION USE ONLY
Insert into EMPLOYEE (EMP_ID,EMP_NAME,EMP_NO,EMAIL,PHONE,DEPT_CODE,JOB_CODE,SAL_LEVEL,SALARY,BONUS,MANAGER_ID,HIRE_DATE,ENT_DATE,ENT_YN) values ('205','정중하','770102-1357951','jung_jh@or.kr','01036654875','D6','J3','S4',3900000,null,'204',str_to_date('99/09/09','%y/%m/%d'),null,'N');
-- SQLINES LICENSE FOR EVALUATION USE ONLY
Insert into EMPLOYEE (EMP_ID,EMP_NAME,EMP_NO,EMAIL,PHONE,DEPT_CODE,JOB_CODE,SAL_LEVEL,SALARY,BONUS,MANAGER_ID,HIRE_DATE,ENT_DATE,ENT_YN) values ('206','박나라','630709-2054321','pack_nr@or.kr','01096935222','D5','J7','S6',1800000,null,'207',str_to_date('08/04/02','%y/%m/%d'),null,'N');
-- SQLINES LICENSE FOR EVALUATION USE ONLY
Insert into EMPLOYEE (EMP_ID,EMP_NAME,EMP_NO,EMAIL,PHONE,DEPT_CODE,JOB_CODE,SAL_LEVEL,SALARY,BONUS,MANAGER_ID,HIRE_DATE,ENT_DATE,ENT_YN) values ('207','하이유','690402-2040612','ha_iy@or.kr','01036654488','D5','J5','S5',2200000,0.1,'200',str_to_date('94/07/07','%y/%m/%d'),null,'N');
-- SQLINES LICENSE FOR EVALUATION USE ONLY
Insert into EMPLOYEE (EMP_ID,EMP_NAME,EMP_NO,EMAIL,PHONE,DEPT_CODE,JOB_CODE,SAL_LEVEL,SALARY,BONUS,MANAGER_ID,HIRE_DATE,ENT_DATE,ENT_YN) values ('208','김해술','870927-1313564','kim_hs@or.kr','01078634444','D5','J5','S5',2500000,null,'207',str_to_date('04/04/30','%y/%m/%d'),null,'N');
-- SQLINES LICENSE FOR EVALUATION USE ONLY
Insert into EMPLOYEE (EMP_ID,EMP_NAME,EMP_NO,EMAIL,PHONE,DEPT_CODE,JOB_CODE,SAL_LEVEL,SALARY,BONUS,MANAGER_ID,HIRE_DATE,ENT_DATE,ENT_YN) values ('209','심봉선','750206-1325546','sim_bs@or.kr','0113654485','D5','J3','S4',3500000,0.15,'207',str_to_date('11/11/11','%y/%m/%d'),null,'N');
-- SQLINES LICENSE FOR EVALUATION USE ONLY
Insert into EMPLOYEE (EMP_ID,EMP_NAME,EMP_NO,EMAIL,PHONE,DEPT_CODE,JOB_CODE,SAL_LEVEL,SALARY,BONUS,MANAGER_ID,HIRE_DATE,ENT_DATE,ENT_YN) values ('210','윤은해','650505-2356985','youn_eh@or.kr','0179964233','D5','J7','S5',2000000,null,'207',str_to_date('01/02/03','%y/%m/%d'),null,'N');
-- SQLINES LICENSE FOR EVALUATION USE ONLY
Insert into EMPLOYEE (EMP_ID,EMP_NAME,EMP_NO,EMAIL,PHONE,DEPT_CODE,JOB_CODE,SAL_LEVEL,SALARY,BONUS,MANAGER_ID,HIRE_DATE,ENT_DATE,ENT_YN) values ('211','전형돈','830807-1121321','jun_hd@or.kr','01044432222','D8','J6','S5',2000000,null,'200',str_to_date('12/12/12','%y/%m/%d'),null,'N');
-- SQLINES LICENSE FOR EVALUATION USE ONLY
Insert into EMPLOYEE (EMP_ID,EMP_NAME,EMP_NO,EMAIL,PHONE,DEPT_CODE,JOB_CODE,SAL_LEVEL,SALARY,BONUS,MANAGER_ID,HIRE_DATE,ENT_DATE,ENT_YN) values ('212','장쯔위','780923-2234542','jang_zw@or.kr','01066682224','D8','J6','S5',2550000,0.25,'211',str_to_date('15/06/17','%y/%m/%d'),null,'N');
-- SQLINES LICENSE FOR EVALUATION USE ONLY
Insert into EMPLOYEE (EMP_ID,EMP_NAME,EMP_NO,EMAIL,PHONE,DEPT_CODE,JOB_CODE,SAL_LEVEL,SALARY,BONUS,MANAGER_ID,HIRE_DATE,ENT_DATE,ENT_YN) values ('213','하동운','621111-1785463','ha_dh@or.kr','01158456632',null,'J6','S5',2320000,0.1,null,str_to_date('99/12/31','%y/%m/%d'),null,'N');
-- SQLINES LICENSE FOR EVALUATION USE ONLY
Insert into EMPLOYEE (EMP_ID,EMP_NAME,EMP_NO,EMAIL,PHONE,DEPT_CODE,JOB_CODE,SAL_LEVEL,SALARY,BONUS,MANAGER_ID,HIRE_DATE,ENT_DATE,ENT_YN) values ('214','방명수','856795-1313513','bang_ms@or.kr','01074127545','D1','J7','S6',1380000,null,'200',str_to_date('10/04/04','%y/%m/%d'),null,'N');
-- SQLINES LICENSE FOR EVALUATION USE ONLY
Insert into EMPLOYEE (EMP_ID,EMP_NAME,EMP_NO,EMAIL,PHONE,DEPT_CODE,JOB_CODE,SAL_LEVEL,SALARY,BONUS,MANAGER_ID,HIRE_DATE,ENT_DATE,ENT_YN) values ('215','대북혼','881130-1050911','dae_bh@or.kr','01088808584','D5','J5','S4',3760000,null,null,str_to_date('17/06/19','%y/%m/%d'),null,'N');
-- SQLINES LICENSE FOR EVALUATION USE ONLY
Insert into EMPLOYEE (EMP_ID,EMP_NAME,EMP_NO,EMAIL,PHONE,DEPT_CODE,JOB_CODE,SAL_LEVEL,SALARY,BONUS,MANAGER_ID,HIRE_DATE,ENT_DATE,ENT_YN) values ('216','차태연','770808-1364897','cha_ty@or.kr','01064643212','D1','J6','S5',2780000,0.2,'214',str_to_date('13/03/01','%y/%m/%d'),null,'N');
-- SQLINES LICENSE FOR EVALUATION USE ONLY
Insert into EMPLOYEE (EMP_ID,EMP_NAME,EMP_NO,EMAIL,PHONE,DEPT_CODE,JOB_CODE,SAL_LEVEL,SALARY,BONUS,MANAGER_ID,HIRE_DATE,ENT_DATE,ENT_YN) values ('217','전지연','770808-2665412','jun_jy@or.kr','01033624442','D1','J6','S4',3660000,0.3,'214',str_to_date('07/03/20','%y/%m/%d'),null,'N');
-- SQLINES LICENSE FOR EVALUATION USE ONLY
Insert into EMPLOYEE (EMP_ID,EMP_NAME,EMP_NO,EMAIL,PHONE,DEPT_CODE,JOB_CODE,SAL_LEVEL,SALARY,BONUS,MANAGER_ID,HIRE_DATE,ENT_DATE,ENT_YN) values ('218','이오리','870427-2232123','loo_or@or.kr','01022306545',null,'J7','S5',2890000,null,null,str_to_date('16/11/28','%y/%m/%d'),null,'N');
-- SQLINES LICENSE FOR EVALUATION USE ONLY
Insert into EMPLOYEE (EMP_ID,EMP_NAME,EMP_NO,EMAIL,PHONE,DEPT_CODE,JOB_CODE,SAL_LEVEL,SALARY,BONUS,MANAGER_ID,HIRE_DATE,ENT_DATE,ENT_YN) values ('219','임시환','660712-1212123','im_sw@or.kr',null,'D2','J4','S6',1550000,null,null,str_to_date('99/09/09','%y/%m/%d'),null,'N');
-- SQLINES LICENSE FOR EVALUATION USE ONLY
Insert into EMPLOYEE (EMP_ID,EMP_NAME,EMP_NO,EMAIL,PHONE,DEPT_CODE,JOB_CODE,SAL_LEVEL,SALARY,BONUS,MANAGER_ID,HIRE_DATE,ENT_DATE,ENT_YN) values ('220','이중석','770823-1113111','lee_js@or.kr',null,'D2','J4','S5',2490000,null,null,str_to_date('14/09/18','%y/%m/%d'),null,'N');
-- SQLINES LICENSE FOR EVALUATION USE ONLY
Insert into EMPLOYEE (EMP_ID,EMP_NAME,EMP_NO,EMAIL,PHONE,DEPT_CODE,JOB_CODE,SAL_LEVEL,SALARY,BONUS,MANAGER_ID,HIRE_DATE,ENT_DATE,ENT_YN) values ('221','유하진','800808-1123341','yoo_hj@or.kr',null,'D2','J4','S5',2480000,null,null,str_to_date('94/01/20','%y/%m/%d'),null,'N');
-- SQLINES LICENSE FOR EVALUATION USE ONLY
Insert into EMPLOYEE (EMP_ID,EMP_NAME,EMP_NO,EMAIL,PHONE,DEPT_CODE,JOB_CODE,SAL_LEVEL,SALARY,BONUS,MANAGER_ID,HIRE_DATE,ENT_DATE,ENT_YN) values ('222','이태림','760918-2854697','lee_tr@or.kr','01033000002','D8','J6','S5',2436240,0.35,'100',str_to_date('97/09/12','%y/%m/%d'),str_to_date('17/09/12','%y/%m/%d'),'Y');
--  SQLINES DEMO *** ------------------------------------
-- SQLINES DEMO *** ?터티1_PK
--  SQLINES DEMO *** ------------------------------------

  -- SQLINES LICENSE FOR EVALUATION USE ONLY
  CREATE UNIQUE INDEX `엔터티1_PK` ON `EMPLOYEE` (`EMP_ID`);
--  SQLINES DEMO *** ------------------------------------
-- SQLINES DEMO *** Table EMPLOYEE
--  SQLINES DEMO *** ------------------------------------

  ALTER TABLE `EMPLOYEE` ADD CONSTRAINT `EMPLOYEE_PK` PRIMARY KEY (`EMP_ID`);


--  SQLINES DEMO *** ------------------------------------
--  DDL for Table JOB
--  SQLINES DEMO *** ------------------------------------

  -- SQLINES LICENSE FOR EVALUATION USE ONLY
  CREATE TABLE `JOB` 
   (	`JOB_CODE` CHAR(2) COMMENT '직급코드', 
	`JOB_NAME` VARCHAR(35) COMMENT '직급명'
   ) 
   ;

   /* Moved to CREATE TABLE
COMMENT ON COLUMN `JOB`.`JOB_CODE` IS '직급코드'; */
   /* Moved to CREATE TABLE
COMMENT ON COLUMN `JOB`.`JOB_NAME` IS '직급명'; */
   ALTER TABLE `JOB`  COMMENT '직급';
-- INSERTING into JOB
/* SET DEFINE OFF; */
-- SQLINES LICENSE FOR EVALUATION USE ONLY
Insert into JOB (JOB_CODE,JOB_NAME) values ('J1','대표');
-- SQLINES LICENSE FOR EVALUATION USE ONLY
Insert into JOB (JOB_CODE,JOB_NAME) values ('J2','부사장');
-- SQLINES LICENSE FOR EVALUATION USE ONLY
Insert into JOB (JOB_CODE,JOB_NAME) values ('J3','부장');
-- SQLINES LICENSE FOR EVALUATION USE ONLY
Insert into JOB (JOB_CODE,JOB_NAME) values ('J4','차장');
-- SQLINES LICENSE FOR EVALUATION USE ONLY
Insert into JOB (JOB_CODE,JOB_NAME) values ('J5','과장');
-- SQLINES LICENSE FOR EVALUATION USE ONLY
Insert into JOB (JOB_CODE,JOB_NAME) values ('J6','대리');
-- SQLINES LICENSE FOR EVALUATION USE ONLY
Insert into JOB (JOB_CODE,JOB_NAME) values ('J7','사원');
--  SQLINES DEMO *** ------------------------------------
-- SQLINES DEMO *** ?터티1_PK1
--  SQLINES DEMO *** ------------------------------------

  -- SQLINES LICENSE FOR EVALUATION USE ONLY
  CREATE UNIQUE INDEX `엔터티1_PK1` ON `JOB` (`JOB_CODE`);
--  SQLINES DEMO *** ------------------------------------
-- SQLINES DEMO *** Table JOB
--  SQLINES DEMO *** ------------------------------------

  ALTER TABLE `JOB` ADD CONSTRAINT `JOB_PK` PRIMARY KEY (`JOB_CODE`);


--  SQLINES DEMO *** ------------------------------------
-- SQLINES DEMO *** CATION
--  SQLINES DEMO *** ------------------------------------

  -- SQLINES LICENSE FOR EVALUATION USE ONLY
  CREATE TABLE `LOCATION` 
   (	`LOCAL_CODE` CHAR(2) COMMENT '지역코드', 
	`NATIONAL_CODE` CHAR(2) COMMENT '국가코드', 
	`LOCAL_NAME` VARCHAR(40) COMMENT '지역명'
   );

   /* Moved to CREATE TABLE
COMMENT ON COLUMN `LOCATION`.`LOCAL_CODE` IS '지역코드'; */
   /* Moved to CREATE TABLE
COMMENT ON COLUMN `LOCATION`.`NATIONAL_CODE` IS '국가코드'; */
   /* Moved to CREATE TABLE
COMMENT ON COLUMN `LOCATION`.`LOCAL_NAME` IS '지역명'; */
   ALTER TABLE `LOCATION`  COMMENT '지역';
-- INSERTING into LOCATION
/* SET DEFINE OFF; */
-- SQLINES LICENSE FOR EVALUATION USE ONLY
Insert into LOCATION (LOCAL_CODE,NATIONAL_CODE,LOCAL_NAME) values ('L1','KO','ASIA1');
-- SQLINES LICENSE FOR EVALUATION USE ONLY
Insert into LOCATION (LOCAL_CODE,NATIONAL_CODE,LOCAL_NAME) values ('L2','JP','ASIA2');
-- SQLINES LICENSE FOR EVALUATION USE ONLY
Insert into LOCATION (LOCAL_CODE,NATIONAL_CODE,LOCAL_NAME) values ('L3','CH','ASIA3');
-- SQLINES LICENSE FOR EVALUATION USE ONLY
Insert into LOCATION (LOCAL_CODE,NATIONAL_CODE,LOCAL_NAME) values ('L4','US','AMERICA');
-- SQLINES LICENSE FOR EVALUATION USE ONLY
Insert into LOCATION (LOCAL_CODE,NATIONAL_CODE,LOCAL_NAME) values ('L5','RU','EU');
--  SQLINES DEMO *** ------------------------------------
-- SQLINES DEMO *** ?터티1_PK3
--  SQLINES DEMO *** ------------------------------------

  -- SQLINES LICENSE FOR EVALUATION USE ONLY
  CREATE UNIQUE INDEX `엔터티1_PK3` ON `LOCATION` (`LOCAL_CODE`);
--  SQLINES DEMO *** ------------------------------------
-- SQLINES DEMO *** Table LOCATION
--  SQLINES DEMO *** ------------------------------------

  ALTER TABLE `LOCATION` ADD CONSTRAINT `LOCATION_PK` PRIMARY KEY (`LOCAL_CODE`);


--  SQLINES DEMO *** ------------------------------------
-- SQLINES DEMO *** TIONAL
--  SQLINES DEMO *** ------------------------------------

  -- SQLINES LICENSE FOR EVALUATION USE ONLY
  CREATE TABLE `NATIONAL` 
   (	`NATIONAL_CODE` CHAR(2) COMMENT '국가코드', 
	`NATIONAL_NAME` VARCHAR(35) COMMENT '국가명'
   );

   /* Moved to CREATE TABLE
COMMENT ON COLUMN `NATIONAL`.`NATIONAL_CODE` IS '국가코드'; */
   /* Moved to CREATE TABLE
COMMENT ON COLUMN `NATIONAL`.`NATIONAL_NAME` IS '국가명'; */
   ALTER TABLE `NATIONAL`  COMMENT '국가';
-- INSERTING into NATIONAL
/* SET DEFINE OFF; */
-- SQLINES LICENSE FOR EVALUATION USE ONLY
Insert into NATIONAL (NATIONAL_CODE,NATIONAL_NAME) values ('KO','한국');
-- SQLINES LICENSE FOR EVALUATION USE ONLY
Insert into NATIONAL (NATIONAL_CODE,NATIONAL_NAME) values ('JP','일본');
-- SQLINES LICENSE FOR EVALUATION USE ONLY
Insert into NATIONAL (NATIONAL_CODE,NATIONAL_NAME) values ('CH','중국');
-- SQLINES LICENSE FOR EVALUATION USE ONLY
Insert into NATIONAL (NATIONAL_CODE,NATIONAL_NAME) values ('US','미국');
-- SQLINES LICENSE FOR EVALUATION USE ONLY
Insert into NATIONAL (NATIONAL_CODE,NATIONAL_NAME) values ('RU','러시아');
--  SQLINES DEMO *** ------------------------------------
-- SQLINES DEMO *** ?터티1_PK4
--  SQLINES DEMO *** ------------------------------------

  -- SQLINES LICENSE FOR EVALUATION USE ONLY
  CREATE UNIQUE INDEX `엔터티1_PK4` ON `NATIONAL` (`NATIONAL_CODE`);
--  SQLINES DEMO *** ------------------------------------
-- SQLINES DEMO *** Table NATIONAL
--  SQLINES DEMO *** ------------------------------------

  ALTER TABLE `NATIONAL` ADD CONSTRAINT `NATIONAL_PK` PRIMARY KEY (`NATIONAL_CODE`);


--  SQLINES DEMO *** ------------------------------------
-- SQLINES DEMO *** L_GRADE
--  SQLINES DEMO *** ------------------------------------

  -- SQLINES LICENSE FOR EVALUATION USE ONLY
  CREATE TABLE `SAL_GRADE` 
   (	`SAL_LEVEL` CHAR(2) COMMENT '급여등급', 
	`MIN_SAL` DOUBLE COMMENT '최소급여', 
	`MAX_SAL` DOUBLE COMMENT '최대급여'
   );

   /* Moved to CREATE TABLE
COMMENT ON COLUMN `SAL_GRADE`.`SAL_LEVEL` IS '급여등급'; */
   /* Moved to CREATE TABLE
COMMENT ON COLUMN `SAL_GRADE`.`MIN_SAL` IS '최소급여'; */
   /* Moved to CREATE TABLE
COMMENT ON COLUMN `SAL_GRADE`.`MAX_SAL` IS '최대급여'; */
   ALTER TABLE `SAL_GRADE`  COMMENT '급여등급';
-- INSERTING into SAL_GRADE
/* SET DEFINE OFF; */
-- SQLINES LICENSE FOR EVALUATION USE ONLY
Insert into SAL_GRADE (SAL_LEVEL,MIN_SAL,MAX_SAL) values ('S1',6000000,10000000);
-- SQLINES LICENSE FOR EVALUATION USE ONLY
Insert into SAL_GRADE (SAL_LEVEL,MIN_SAL,MAX_SAL) values ('S2',5000000,5999999);
-- SQLINES LICENSE FOR EVALUATION USE ONLY
Insert into SAL_GRADE (SAL_LEVEL,MIN_SAL,MAX_SAL) values ('S3',4000000,4999999);
-- SQLINES LICENSE FOR EVALUATION USE ONLY
Insert into SAL_GRADE (SAL_LEVEL,MIN_SAL,MAX_SAL) values ('S4',3000000,3999999);
-- SQLINES LICENSE FOR EVALUATION USE ONLY
Insert into SAL_GRADE (SAL_LEVEL,MIN_SAL,MAX_SAL) values ('S5',2000000,2999999);
-- SQLINES LICENSE FOR EVALUATION USE ONLY
Insert into SAL_GRADE (SAL_LEVEL,MIN_SAL,MAX_SAL) values ('S6',1000000,1999999);
--  SQLINES DEMO *** ------------------------------------
-- SQLINES DEMO *** ?터티2_PK
--  SQLINES DEMO *** ------------------------------------

  -- SQLINES LICENSE FOR EVALUATION USE ONLY
  CREATE UNIQUE INDEX `엔터티2_PK` ON `SAL_GRADE` (`SAL_LEVEL`);
--  SQLINES DEMO *** ------------------------------------
-- SQLINES DEMO *** Table SAL_GRADE
--  SQLINES DEMO *** ------------------------------------

  ALTER TABLE `SAL_GRADE` ADD CONSTRAINT `엔터티2_PK` PRIMARY KEY (`SAL_LEVEL`);



COMMIT;
