<?xml version="1.0" encoding="UTF-8"?>
<beans xmlns="http://www.springframework.org/schema/beans"
	xmlns:xsi="http://www.w3.org/2001/XMLSchema-instance"
	xmlns:mybatis="http://mybatis.org/schema/mybatis-spring"
	xmlns:tx="http://www.springframework.org/schema/tx"
	xmlns:aop="http://www.springframework.org/schema/aop"
	xsi:schemaLocation="http://mybatis.org/schema/mybatis-spring http://mybatis.org/schema/mybatis-spring.xsd
      http://www.springframework.org/schema/beans https://www.springframework.org/schema/beans/spring-beans.xsd
      http://www.springframework.org/schema/aop http://www.springframework.org/schema/aop/spring-aop-4.3.xsd
      http://www.springframework.org/schema/tx http://www.springframework.org/schema/tx/spring-tx-4.3.xsd">



	<bean id="sqlSessionFactory"
		class="org.mybatis.spring.SqlSessionFactoryBean">
		<property name="dataSource" ref="dataSource" />
		<property name="configLocation"
			value="classpath:mybatis/config.xml" />
	</bean>


	<bean id="dataSource"
		class="org.apache.commons.dbcp2.BasicDataSource">
		<!-- &가 xml에서 참조자로 사용되기 때문에 &amp; 로 대체하여 사용 -->
		<property name="url"
			value="jdbc:mysql://localhost:3306/bm?useUnicode=true&amp;characterEncoding=utf8" />
		<property name="username" value="bm" />
		<property name="password" value="123qwe!@#QWE" />
		<property name="driverClassName"
			value="com.mysql.cj.jdbc.Driver" />
	</bean>


	<mybatis:scan base-package="com.mc.app"
		annotation="org.springframework.stereotype.Repository" />

	<!-- <mybatis:scan base-package="com.mc.mvc"
		annotation="org.springframework.stereotype.Repository" /> -->


</beans>

